http://www.markiza.sk/uvod;Fri Jun 26 12:48:14 2015;This is Google's cache of http://www.markiza.sk/. It is a snapshot of the page as it appeared on Jun 26, 2015 06:29:33 GMT.
http://www.markiza.sk/uvod;Fri Jun 26 13:10:16 2015;This is Google's cache of http://videoarchiv.markiza.sk/. It is a snapshot of the page as it appeared on Jun 25, 2015 23:00:37 GMT.
http://videoarchiv.markiza.sk/uvod;Fri Jun 26 13:18:09 2015;This is Google's cache of http://videoarchiv.markiza.sk/. It is a snapshot of the page as it appeared on Jun 26, 2015 08:56:51 GMT.
http://videoarchiv.markiza.sk/uvod;Fri Jun 26 13:21:26 2015;This is Google's cache of http://videoarchiv.markiza.sk/. It is a snapshot of the page as it appeared on Jun 26, 2015 08:56:51 GMT.
http://www.markiza.sk/tv-program;Fri Jun 26 13:21:26 2015;This is Google's cache of http://www.markiza.sk/tv-program. It is a snapshot of the page as it appeared on Jun 24, 2015 22:57:14 GMT.
http://videoarchiv.markiza.sk/uvod;Fri Jun 26 16:04:41 2015;This is Google's cache of http://videoarchiv.markiza.sk/. It is a snapshot of the page as it appeared on Jun 26, 2015 11:50:34 GMT.
http://videoarchiv.markiza.sk/najnovsie/zabava;Fri Jun 26 16:04:41 2015;This is Google's cache of http://videoarchiv.markiza.sk/najnovsie/zabava. It is a snapshot of the page as it appeared on Jun 26, 2015 12:59:35 GMT.
http://reflex.markiza.sk/;Fri Jun 26 16:04:41 2015;This is Google's cache of http://reflex.markiza.sk/. It is a snapshot of the page as it appeared on Jun 26, 2015 12:59:35 GMT.
http://burlivevino.markiza.sk/;Fri Jun 26 16:04:41 2015;This is Google's cache of http://burlivevino.markiza.sk/. It is a snapshot of the page as it appeared on Jun 26, 2015 14:00:13 GMT.
http://www.markiza.sk/filmy-a-serialy/644726_monk-iv;Fri Jun 26 16:04:41 2015;This is Google's cache of http://www.markiza.sk/clanok/644726. It is a snapshot of the page as it appeared on Jun 24, 2015 18:48:50 GMT.
http://www.markiza.sk/filmy-a-serialy/644873_kobra-11-xiii;Fri Jun 26 16:40:02 2015;This is Google's cache of http://www.markiza.sk/clanok/644873. It is a snapshot of the page as it appeared on Jun 26, 2015 14:22:28 GMT.
http://www.markiza.sk/serialy;Fri Jun 26 20:41:01 2015;This is Google's cache of http://www.markiza.sk/serialy. It is a snapshot of the page as it appeared on Jun 24, 2015 18:06:55 GMT.
http://burlivevino.markiza.sk/;Fri Jun 26 20:41:01 2015;This is Google's cache of http://burlivevino.markiza.sk/. It is a snapshot of the page as it appeared on Jun 26, 2015 17:36:11 GMT.
http://hornadolna.markiza.sk/;Fri Jun 26 20:41:01 2015;This is Google's cache of http://hornadolna.markiza.sk/. It is a snapshot of the page as it appeared on Jun 26, 2015 18:13:02 GMT.
http://www.markiza.sk/soubiz/zahranicny/1797427_plavky-z-victorias-secret-na-modelkach-a-obycajnych-zenach;Fri Jun 26 20:41:01 2015;This is Google's cache of http://www.markiza.sk/soubiz/zahranicny/1797427_plavky-z-victorias-secret-na-modelkach-a-obycajnych-zenach. It is a snapshot of the page as it appeared on Jun 25, 2015 21:28:26 GMT.
http://www.markiza.sk/uvod;Fri Jun 26 21:24:32 2015;This is Google's cache of http://www.markiza.sk/. It is a snapshot of the page as it appeared on Jun 26, 2015 18:31:31 GMT.
http://www.markiza.sk/uvod;Sat Jun 27 06:18:41 2015;This is Google's cache of http://www.markiza.sk/. It is a snapshot of the page as it appeared on Jun 26, 2015 20:38:17 GMT.
http://videoarchiv.markiza.sk/uvod;Sat Jun 27 06:18:41 2015;This is Google's cache of http://videoarchiv.markiza.sk/. It is a snapshot of the page as it appeared on Jun 26, 2015 23:09:29 GMT.
http://www.markiza.sk/serialy;Sat Jun 27 06:18:41 2015;This is Google's cache of http://www.markiza.sk/serialy. It is a snapshot of the page as it appeared on Jun 25, 2015 13:17:40 GMT.
http://www.markiza.sk/filmy;Sat Jun 27 06:18:41 2015;This is Google's cache of http://www.markiza.sk/filmy. It is a snapshot of the page as it appeared on Jun 25, 2015 08:52:32 GMT.
http://www.markiza.sk/tv-program;Sat Jun 27 06:18:41 2015;This is Google's cache of http://www.markiza.sk/tv-program. It is a snapshot of the page as it appeared on Jun 27, 2015 02:28:09 GMT.
http://www.markiza.sk/soubiz;Sat Jun 27 06:18:41 2015;This is Google's cache of http://www.markiza.sk/soubiz. It is a snapshot of the page as it appeared on Jun 25, 2015 13:18:31 GMT.
http://videoarchiv.markiza.sk/najnovsie/zabava;Sat Jun 27 06:18:41 2015;This is Google's cache of http://videoarchiv.markiza.sk/najnovsie/zabava. It is a snapshot of the page as it appeared on Jun 27, 2015 01:19:33 GMT.
http://farma.markiza.sk/;Sat Jun 27 06:18:41 2015;This is Google's cache of http://farma.markiza.sk/. It is a snapshot of the page as it appeared on Jun 25, 2015 09:14:47 GMT.
http://reflex.markiza.sk/;Sat Jun 27 06:18:41 2015;This is Google's cache of http://reflex.markiza.sk/. It is a snapshot of the page as it appeared on Jun 27, 2015 00:32:30 GMT.
http://www.markiza.sk/filmy-a-serialy/645056_dva-a-pol-chlapa-vii;Sat Jun 27 06:18:41 2015;This is Google's cache of http://www.markiza.sk/clanok/645056. It is a snapshot of the page as it appeared on Jun 24, 2015 22:48:53 GMT.
http://www.markiza.sk/filmy-a-serialy/644726_monk-iv;Sat Jun 27 06:18:41 2015;This is Google's cache of http://www.markiza.sk/clanok/644726. It is a snapshot of the page as it appeared on Jun 25, 2015 10:13:16 GMT.
http://www.markiza.sk/soubiz/zahranicny/1796825_zahalena-selena-ale-do-oci-sa-jej-aj-tak-nikto-nepozeral;Sat Jun 27 06:18:41 2015;This is Google's cache of http://www.markiza.sk/soubiz/zahranicny/1796825_zahalena-selena-ale-do-oci-sa-jej-aj-tak-nikto-nepozeral. It is a snapshot of the page as it appeared on Jun 25, 2015 02:16:02 GMT.
http://rodinnepripady.markiza.sk/aktualne/1795872_rodinne-pripady-syncek;Sat Jun 27 06:18:41 2015;This is Google's cache of http://rodinnepripady.markiza.sk/aktualne/1795872_rodinne-pripady-syncek. It is a snapshot of the page as it appeared on Jun 23, 2015 03:24:23 GMT.
http://zamenamanzeliek.markiza.sk/aktualne/1675937_zamena-manzeliek-dvojosobna-povaha;Sat Jun 27 06:18:41 2015;This is Google's cache of http://zamenamanzeliek.markiza.sk/aktualne/1675937_zamena-manzeliek-dvojosobna-povaha. It is a snapshot of the page as it appeared on Jun 24, 2015 23:32:59 GMT.
http://www.markiza.sk/tv-program;Sat Jun 27 06:55:46 2015;This is Google's cache of http://www.markiza.sk/tv-program. It is a snapshot of the page as it appeared on Jun 27, 2015 04:22:32 GMT.
http://www.markiza.sk/uvod;Sat Jun 27 09:35:46 2015;This is Google's cache of http://www.markiza.sk/. It is a snapshot of the page as it appeared on Jun 27, 2015 06:42:31 GMT.
http://hornadolna.markiza.sk/;Sat Jun 27 09:35:46 2015;This is Google's cache of http://hornadolna.markiza.sk/. It is a snapshot of the page as it appeared on Jun 27, 2015 06:15:09 GMT.
http://www.markiza.sk/uvod;Sat Jun 27 11:37:58 2015;This is Google's cache of http://www.markiza.sk/. It is a snapshot of the page as it appeared on Jun 27, 2015 08:35:33 GMT.
http://www.markiza.sk/filmy-a-serialy/644726_monk-iv;Sat Jun 27 11:37:58 2015;This is Google's cache of http://www.markiza.sk/clanok/644726. It is a snapshot of the page as it appeared on Jun 24, 2015 18:48:50 GMT.
http://videoarchiv.markiza.sk/najnovsie/zabava;Sat Jun 27 16:10:17 2015;This is Google's cache of http://videoarchiv.markiza.sk/najnovsie/zabava. It is a snapshot of the page as it appeared on Jun 27, 2015 13:06:29 GMT.
http://reflex.markiza.sk/;Sat Jun 27 16:10:17 2015;This is Google's cache of http://reflex.markiza.sk/. It is a snapshot of the page as it appeared on Jun 27, 2015 12:48:33 GMT.
http://smotanka.markiza.sk/;Sat Jun 27 16:10:17 2015;This is Google's cache of http://smotanka.markiza.sk/. It is a snapshot of the page as it appeared on Jun 27, 2015 12:38:01 GMT.
http://www.markiza.sk/filmy-a-serialy/1684658_susedia;Sat Jun 27 16:10:17 2015;This is Google's cache of http://www.markiza.sk/clanok/1684658. It is a snapshot of the page as it appeared on Jun 27, 2015 13:08:34 GMT.
http://www.markiza.sk/filmy-a-serialy/644726_monk-iv;Sat Jun 27 16:10:17 2015;This is Google's cache of http://www.markiza.sk/clanok/644726. It is a snapshot of the page as it appeared on Jun 25, 2015 10:13:16 GMT.
http://www.markiza.sk/soubiz/zahranicny/1797178_richard-krajco-v-objati-s-krasnou-rysavkou;Sat Jun 27 16:10:17 2015;This is Google's cache of http://www.markiza.sk/soubiz/zahranicny/1797178_richard-krajco-v-objati-s-krasnou-rysavkou. It is a snapshot of the page as it appeared on Jun 27, 2015 12:19:06 GMT.
http://www.markiza.sk/filmy-a-serialy/644873_kobra-11-xiii;Sat Jun 27 16:32:10 2015;This is Google's cache of http://www.markiza.sk/clanok/644873. It is a snapshot of the page as it appeared on Jun 27, 2015 14:27:42 GMT.
http://www.markiza.sk/soubiz/zahranicny/1797427_plavky-z-victorias-secret-na-modelkach-a-obycajnych-zenach;Sat Jun 27 17:33:19 2015;This is Google's cache of http://www.markiza.sk/soubiz/zahranicny/1797427_plavky-z-victorias-secret-na-modelkach-a-obycajnych-zenach. It is a snapshot of the page as it appeared on Jun 25, 2015 15:27:47 GMT.
http://www.markiza.sk/uvod;Sat Jun 27 20:48:24 2015;This is Google's cache of http://www.markiza.sk/. It is a snapshot of the page as it appeared on Jun 27, 2015 18:15:42 GMT.
http://hornadolna.markiza.sk/;Sat Jun 27 20:48:24 2015;This is Google's cache of http://hornadolna.markiza.sk/. It is a snapshot of the page as it appeared on Jun 27, 2015 18:15:52 GMT.
http://www.markiza.sk/uvod;Sat Jun 27 21:43:51 2015;This is Google's cache of http://www.markiza.sk/. It is a snapshot of the page as it appeared on Jun 27, 2015 19:38:31 GMT.
http://farma.markiza.sk/;Sat Jun 27 23:30:57 2015;This is Google's cache of http://farma.markiza.sk/. It is a snapshot of the page as it appeared on Jun 27, 2015 21:16:34 GMT.
http://videoarchiv.markiza.sk/uvod;Sun Jun 28 07:21:52 2015;This is Google's cache of http://videoarchiv.markiza.sk/. It is a snapshot of the page as it appeared on Jun 27, 2015 22:54:32 GMT.
http://www.markiza.sk/serialy;Sun Jun 28 07:21:52 2015;This is Google's cache of http://www.markiza.sk/serialy. It is a snapshot of the page as it appeared on Jun 28, 2015 01:27:31 GMT.
http://videoarchiv.markiza.sk/najnovsie/zabava;Sun Jun 28 07:21:52 2015;This is Google's cache of http://videoarchiv.markiza.sk/najnovsie/zabava. It is a snapshot of the page as it appeared on Jun 28, 2015 01:20:27 GMT.
http://videoarchiv.markiza.sk/najnovsie/show;Sun Jun 28 07:21:52 2015;This is Google's cache of http://videoarchiv.markiza.sk/najnovsie/show. It is a snapshot of the page as it appeared on Jun 25, 2015 15:45:16 GMT.
http://burlivevino.markiza.sk/;Sun Jun 28 07:21:52 2015;This is Google's cache of http://burlivevino.markiza.sk/. It is a snapshot of the page as it appeared on Jun 28, 2015 01:27:32 GMT.
http://www.markiza.sk/soubiz/zahranicny/1796825_zahalena-selena-ale-do-oci-sa-jej-aj-tak-nikto-nepozeral;Sun Jun 28 07:21:52 2015;This is Google's cache of http://www.markiza.sk/soubiz/zahranicny/1796825_zahalena-selena-ale-do-oci-sa-jej-aj-tak-nikto-nepozeral. It is a snapshot of the page as it appeared on Jun 26, 2015 22:27:31 GMT.
http://www.markiza.sk/soubiz/zahranicny/1797427_plavky-z-victorias-secret-na-modelkach-a-obycajnych-zenach;Sun Jun 28 07:21:52 2015;This is Google's cache of http://www.markiza.sk/soubiz/zahranicny/1797427_plavky-z-victorias-secret-na-modelkach-a-obycajnych-zenach. It is a snapshot of the page as it appeared on Jun 26, 2015 03:28:27 GMT.
http://www.markiza.sk/soubiz/1797390_jeden-den-s-trtom;Sun Jun 28 07:21:52 2015;This is Google's cache of http://www.markiza.sk/soubiz/1797390_jeden-den-s-trtom. It is a snapshot of the page as it appeared on Jun 26, 2015 03:20:28 GMT.
http://www.markiza.sk/soubiz/zahranicny/1797427_plavky-z-victorias-secret-na-modelkach-a-obycajnych-zenach;Sun Jun 28 08:05:22 2015;This is Google's cache of http://www.markiza.sk/soubiz/zahranicny/1797427_plavky-z-victorias-secret-na-modelkach-a-obycajnych-zenach. It is a snapshot of the page as it appeared on Jun 25, 2015 15:27:47 GMT.
http://www.markiza.sk/soubiz/1797390_jeden-den-s-trtom;Sun Jun 28 08:05:22 2015;This is Google's cache of http://www.markiza.sk/soubiz/1797390_jeden-den-s-trtom. It is a snapshot of the page as it appeared on Jun 25, 2015 21:19:24 GMT.
http://www.markiza.sk/uvod;Sun Jun 28 08:55:26 2015;This is Google's cache of http://www.markiza.sk/. It is a snapshot of the page as it appeared on Jun 28, 2015 06:24:32 GMT.
http://www.markiza.sk/relacie;Sun Jun 28 08:55:26 2015;This is Google's cache of http://www.markiza.sk/relacie. It is a snapshot of the page as it appeared on Jun 26, 2015 22:52:48 GMT.
http://www.markiza.sk/filmy;Sun Jun 28 08:55:26 2015;This is Google's cache of http://www.markiza.sk/filmy. It is a snapshot of the page as it appeared on Jun 27, 2015 07:03:35 GMT.
http://hornadolna.markiza.sk/;Sun Jun 28 08:55:26 2015;This is Google's cache of http://hornadolna.markiza.sk/. It is a snapshot of the page as it appeared on Jun 28, 2015 03:09:11 GMT.
http://www.markiza.sk/soubiz/zahranicny/1797427_plavky-z-victorias-secret-na-modelkach-a-obycajnych-zenach;Sun Jun 28 08:55:26 2015;This is Google's cache of http://www.markiza.sk/soubiz/zahranicny/1797427_plavky-z-victorias-secret-na-modelkach-a-obycajnych-zenach. It is a snapshot of the page as it appeared on Jun 26, 2015 03:28:27 GMT.
http://www.markiza.sk/soubiz/1797390_jeden-den-s-trtom;Sun Jun 28 08:55:26 2015;This is Google's cache of http://www.markiza.sk/soubiz/1797390_jeden-den-s-trtom. It is a snapshot of the page as it appeared on Jun 26, 2015 03:20:28 GMT.
http://www.markiza.sk/filmy;Sun Jun 28 09:37:37 2015;This is Google's cache of http://www.markiza.sk/filmy. It is a snapshot of the page as it appeared on Jun 25, 2015 08:52:32 GMT.
http://www.markiza.sk/soubiz/zahranicny/1796825_zahalena-selena-ale-do-oci-sa-jej-aj-tak-nikto-nepozeral;Sun Jun 28 09:37:37 2015;This is Google's cache of http://www.markiza.sk/soubiz/zahranicny/1796825_zahalena-selena-ale-do-oci-sa-jej-aj-tak-nikto-nepozeral. It is a snapshot of the page as it appeared on Jun 25, 2015 02:16:02 GMT.
http://www.markiza.sk/soubiz/1797390_jeden-den-s-trtom;Sun Jun 28 09:37:37 2015;This is Google's cache of http://www.markiza.sk/soubiz/1797390_jeden-den-s-trtom. It is a snapshot of the page as it appeared on Jun 25, 2015 21:19:24 GMT.
http://www.markiza.sk/filmy;Sun Jun 28 10:01:48 2015;This is Google's cache of http://www.markiza.sk/filmy. It is a snapshot of the page as it appeared on Jun 27, 2015 07:03:35 GMT.
http://www.markiza.sk/soubiz/zahranicny/1796825_zahalena-selena-ale-do-oci-sa-jej-aj-tak-nikto-nepozeral;Sun Jun 28 10:01:48 2015;This is Google's cache of http://www.markiza.sk/soubiz/zahranicny/1796825_zahalena-selena-ale-do-oci-sa-jej-aj-tak-nikto-nepozeral. It is a snapshot of the page as it appeared on Jun 26, 2015 22:27:31 GMT.
http://www.markiza.sk/relacie;Sun Jun 28 10:28:33 2015;This is Google's cache of http://www.markiza.sk/relacie. It is a snapshot of the page as it appeared on Jun 25, 2015 22:12:34 GMT.
http://www.markiza.sk/soubiz/1797390_jeden-den-s-trtom;Sun Jun 28 10:28:33 2015;This is Google's cache of http://www.markiza.sk/soubiz/1797390_jeden-den-s-trtom. It is a snapshot of the page as it appeared on Jun 26, 2015 03:20:28 GMT.
http://www.markiza.sk/relacie;Sun Jun 28 10:43:32 2015;This is Google's cache of http://www.markiza.sk/relacie. It is a snapshot of the page as it appeared on Jun 26, 2015 22:52:48 GMT.
http://www.markiza.sk/uvod;Sun Jun 28 11:46:32 2015;This is Google's cache of http://www.markiza.sk/. It is a snapshot of the page as it appeared on Jun 28, 2015 08:44:38 GMT.
http://www.markiza.sk/relacie;Sun Jun 28 11:46:32 2015;This is Google's cache of http://www.markiza.sk/relacie. It is a snapshot of the page as it appeared on Jun 25, 2015 22:12:34 GMT.
http://www.markiza.sk/filmy;Sun Jun 28 11:46:32 2015;This is Google's cache of http://www.markiza.sk/filmy. It is a snapshot of the page as it appeared on Jun 25, 2015 08:52:32 GMT.
http://www.markiza.sk/soubiz/zahranicny/1796825_zahalena-selena-ale-do-oci-sa-jej-aj-tak-nikto-nepozeral;Sun Jun 28 11:46:32 2015;This is Google's cache of http://www.markiza.sk/soubiz/zahranicny/1796825_zahalena-selena-ale-do-oci-sa-jej-aj-tak-nikto-nepozeral. It is a snapshot of the page as it appeared on Jun 25, 2015 02:16:02 GMT.
http://www.markiza.sk/soubiz/zahranicny/1797427_plavky-z-victorias-secret-na-modelkach-a-obycajnych-zenach;Sun Jun 28 11:46:32 2015;This is Google's cache of http://www.markiza.sk/soubiz/zahranicny/1797427_plavky-z-victorias-secret-na-modelkach-a-obycajnych-zenach. It is a snapshot of the page as it appeared on Jun 25, 2015 15:27:47 GMT.
http://www.markiza.sk/soubiz/1797390_jeden-den-s-trtom;Sun Jun 28 11:46:32 2015;This is Google's cache of http://www.markiza.sk/soubiz/1797390_jeden-den-s-trtom. It is a snapshot of the page as it appeared on Jun 25, 2015 21:19:24 GMT.
http://www.markiza.sk/relacie;Sun Jun 28 12:35:26 2015;This is Google's cache of http://www.markiza.sk/relacie. It is a snapshot of the page as it appeared on Jun 28, 2015 10:19:35 GMT.
http://videoarchiv.markiza.sk/najnovsie/zabava;Sun Jun 28 15:13:55 2015;This is Google's cache of http://videoarchiv.markiza.sk/najnovsie/zabava. It is a snapshot of the page as it appeared on Jun 28, 2015 13:06:37 GMT.
http://www.markiza.sk/soubiz/zahranicny/1797427_plavky-z-victorias-secret-na-modelkach-a-obycajnych-zenach;Sun Jun 28 17:00:38 2015;This is Google's cache of http://www.markiza.sk/soubiz/zahranicny/1797427_plavky-z-victorias-secret-na-modelkach-a-obycajnych-zenach. It is a snapshot of the page as it appeared on Jun 26, 2015 03:28:27 GMT.
http://www.markiza.sk/soubiz/1797390_jeden-den-s-trtom;Sun Jun 28 17:00:38 2015;This is Google's cache of http://www.markiza.sk/soubiz/1797390_jeden-den-s-trtom. It is a snapshot of the page as it appeared on Jun 26, 2015 03:20:28 GMT.
http://www.markiza.sk/uvod;Sun Jun 28 21:14:37 2015;This is Google's cache of http://www.markiza.sk/. It is a snapshot of the page as it appeared on Jun 28, 2015 18:23:32 GMT.
http://hornadolna.markiza.sk/;Sun Jun 28 21:14:37 2015;This is Google's cache of http://hornadolna.markiza.sk/. It is a snapshot of the page as it appeared on Jun 28, 2015 18:13:14 GMT.
http://www.markiza.sk/uvod;Sun Jun 28 22:21:55 2015;This is Google's cache of http://www.markiza.sk/. It is a snapshot of the page as it appeared on Jun 28, 2015 19:51:41 GMT.
http://www.markiza.sk/filmy;Sun Jun 28 23:04:19 2015;This is Google's cache of http://www.markiza.sk/filmy. It is a snapshot of the page as it appeared on Jun 27, 2015 07:03:35 GMT.
http://www.markiza.sk/soubiz/zahranicny/1797427_plavky-z-victorias-secret-na-modelkach-a-obycajnych-zenach;Sun Jun 28 23:04:19 2015;This is Google's cache of http://www.markiza.sk/soubiz/zahranicny/1797427_plavky-z-victorias-secret-na-modelkach-a-obycajnych-zenach. It is a snapshot of the page as it appeared on Jun 27, 2015 23:52:28 GMT.
http://www.markiza.sk/uvod;Mon Jun 29 00:01:21 2015;This is Google's cache of http://www.markiza.sk/. It is a snapshot of the page as it appeared on Jun 28, 2015 21:28:31 GMT.
http://www.markiza.sk/filmy;Mon Jun 29 00:01:21 2015;This is Google's cache of http://www.markiza.sk/filmy. It is a snapshot of the page as it appeared on Jun 25, 2015 08:52:32 GMT.
http://www.markiza.sk/soubiz/zahranicny/1796825_zahalena-selena-ale-do-oci-sa-jej-aj-tak-nikto-nepozeral;Mon Jun 29 00:01:21 2015;This is Google's cache of http://www.markiza.sk/soubiz/zahranicny/1796825_zahalena-selena-ale-do-oci-sa-jej-aj-tak-nikto-nepozeral. It is a snapshot of the page as it appeared on Jun 26, 2015 22:27:31 GMT.
http://www.markiza.sk/soubiz/zahranicny/1797427_plavky-z-victorias-secret-na-modelkach-a-obycajnych-zenach;Mon Jun 29 00:01:21 2015;This is Google's cache of http://www.markiza.sk/soubiz/zahranicny/1797427_plavky-z-victorias-secret-na-modelkach-a-obycajnych-zenach. It is a snapshot of the page as it appeared on Jun 26, 2015 03:28:27 GMT.
http://www.markiza.sk/soubiz/1797390_jeden-den-s-trtom;Mon Jun 29 00:01:21 2015;This is Google's cache of http://www.markiza.sk/soubiz/1797390_jeden-den-s-trtom. It is a snapshot of the page as it appeared on Jun 27, 2015 21:00:53 GMT.
http://www.markiza.sk/filmy;Mon Jun 29 00:40:55 2015;This is Google's cache of http://www.markiza.sk/filmy. It is a snapshot of the page as it appeared on Jun 27, 2015 07:03:35 GMT.
http://www.markiza.sk/tv-program;Mon Jun 29 00:40:55 2015;This is Google's cache of http://www.markiza.sk/tv-program. It is a snapshot of the page as it appeared on Jun 28, 2015 08:27:21 GMT.
http://www.markiza.sk/soubiz;Mon Jun 29 00:40:55 2015;This is Google's cache of http://www.markiza.sk/soubiz. It is a snapshot of the page as it appeared on Jun 27, 2015 08:32:37 GMT.
http://videoarchiv.markiza.sk/najnovsie/show;Mon Jun 29 00:40:55 2015;This is Google's cache of http://videoarchiv.markiza.sk/najnovsie/show. It is a snapshot of the page as it appeared on Jun 27, 2015 12:32:14 GMT.
http://reflex.markiza.sk/;Mon Jun 29 00:40:55 2015;This is Google's cache of http://reflex.markiza.sk/. It is a snapshot of the page as it appeared on Jun 28, 2015 04:42:25 GMT.
http://www.markiza.sk/filmy-a-serialy/645056_dva-a-pol-chlapa-vii;Mon Jun 29 00:40:55 2015;This is Google's cache of http://www.markiza.sk/clanok/645056. It is a snapshot of the page as it appeared on Jun 27, 2015 11:28:56 GMT.
http://www.markiza.sk/filmy-a-serialy/644726_monk-iv;Mon Jun 29 00:40:55 2015;This is Google's cache of http://www.markiza.sk/clanok/644726. It is a snapshot of the page as it appeared on Jun 27, 2015 11:41:07 GMT.
http://www.markiza.sk/soubiz/zahranicny/1797427_plavky-z-victorias-secret-na-modelkach-a-obycajnych-zenach;Mon Jun 29 00:40:55 2015;This is Google's cache of http://www.markiza.sk/soubiz/zahranicny/1797427_plavky-z-victorias-secret-na-modelkach-a-obycajnych-zenach. It is a snapshot of the page as it appeared on Jun 27, 2015 23:52:28 GMT.
http://zamenamanzeliek.markiza.sk/aktualne/1675937_zamena-manzeliek-dvojosobna-povaha;Mon Jun 29 00:40:55 2015;This is Google's cache of http://zamenamanzeliek.markiza.sk/aktualne/1675937_zamena-manzeliek-dvojosobna-povaha. It is a snapshot of the page as it appeared on Jun 27, 2015 14:41:28 GMT.
http://www.markiza.sk/uvod;Mon Jun 29 01:48:27 2015;This is Google's cache of http://www.markiza.sk/. It is a snapshot of the page as it appeared on Jun 28, 2015 23:22:43 GMT.
http://www.markiza.sk/filmy-a-serialy/1795432_profesor-v-ringu;Mon Jun 29 01:48:27 2015;This is Google's cache of http://www.markiza.sk/filmy-a-serialy/1795432_profesor-v-ringu. It is a snapshot of the page as it appeared on Jun 27, 2015 15:17:09 GMT.
http://zamenamanzeliek.markiza.sk/aktualne/1675937_zamena-manzeliek-dvojosobna-povaha;Mon Jun 29 01:48:27 2015;This is Google's cache of http://zamenamanzeliek.markiza.sk/aktualne/1675937_zamena-manzeliek-dvojosobna-povaha. It is a snapshot of the page as it appeared on Jun 24, 2015 23:32:59 GMT.
http://videoarchiv.markiza.sk/uvod;Mon Jun 29 09:14:18 2015;This is Google's cache of http://videoarchiv.markiza.sk/. It is a snapshot of the page as it appeared on Jun 28, 2015 18:50:58 GMT.
http://www.markiza.sk/filmy;Mon Jun 29 09:14:18 2015;This is Google's cache of http://www.markiza.sk/filmy. It is a snapshot of the page as it appeared on Jun 28, 2015 13:32:20 GMT.
http://www.markiza.sk/tv-program;Mon Jun 29 09:14:18 2015;This is Google's cache of http://www.markiza.sk/tv-program. It is a snapshot of the page as it appeared on Jun 29, 2015 04:21:29 GMT.
http://videoarchiv.markiza.sk/najnovsie/zabava;Mon Jun 29 09:14:18 2015;This is Google's cache of http://videoarchiv.markiza.sk/najnovsie/zabava. It is a snapshot of the page as it appeared on Jun 29, 2015 01:02:29 GMT.
http://burlivevino.markiza.sk/;Mon Jun 29 09:14:18 2015;This is Google's cache of http://burlivevino.markiza.sk/. It is a snapshot of the page as it appeared on Jun 28, 2015 17:31:16 GMT.
http://hornadolna.markiza.sk/;Mon Jun 29 09:14:18 2015;This is Google's cache of http://hornadolna.markiza.sk/. It is a snapshot of the page as it appeared on Jun 29, 2015 06:19:11 GMT.
http://www.markiza.sk/filmy-a-serialy/1684658_susedia;Mon Jun 29 09:14:18 2015;This is Google's cache of http://www.markiza.sk/clanok/1684658. It is a snapshot of the page as it appeared on Jun 28, 2015 22:25:09 GMT.
http://www.markiza.sk/soubiz/zahranicny/1796825_zahalena-selena-ale-do-oci-sa-jej-aj-tak-nikto-nepozeral;Mon Jun 29 09:14:18 2015;This is Google's cache of http://www.markiza.sk/soubiz/zahranicny/1796825_zahalena-selena-ale-do-oci-sa-jej-aj-tak-nikto-nepozeral. It is a snapshot of the page as it appeared on Jun 28, 2015 11:38:27 GMT.
http://zamenamanzeliek.markiza.sk/aktualne/1675937_zamena-manzeliek-dvojosobna-povaha;Mon Jun 29 09:14:18 2015;This is Google's cache of http://zamenamanzeliek.markiza.sk/aktualne/1675937_zamena-manzeliek-dvojosobna-povaha. It is a snapshot of the page as it appeared on Jun 27, 2015 14:41:28 GMT.
http://videoarchiv.markiza.sk/uvod;Mon Jun 29 10:15:10 2015;This is Google's cache of http://videoarchiv.markiza.sk/. It is a snapshot of the page as it appeared on Jun 27, 2015 22:54:32 GMT.
http://www.markiza.sk/relacie;Mon Jun 29 10:15:10 2015;This is Google's cache of http://www.markiza.sk/relacie. It is a snapshot of the page as it appeared on Jun 28, 2015 22:14:44 GMT.
http://www.markiza.sk/filmy;Mon Jun 29 10:15:10 2015;This is Google's cache of http://www.markiza.sk/filmy. It is a snapshot of the page as it appeared on Jun 27, 2015 07:03:35 GMT.
http://burlivevino.markiza.sk/;Mon Jun 29 10:15:10 2015;This is Google's cache of http://burlivevino.markiza.sk/. It is a snapshot of the page as it appeared on Jun 28, 2015 01:27:32 GMT.
http://www.markiza.sk/filmy-a-serialy/644726_monk-iv;Mon Jun 29 10:15:10 2015;This is Google's cache of http://www.markiza.sk/clanok/644726. It is a snapshot of the page as it appeared on Jun 25, 2015 10:13:16 GMT.
http://www.markiza.sk/soubiz/zahranicny/1796825_zahalena-selena-ale-do-oci-sa-jej-aj-tak-nikto-nepozeral;Mon Jun 29 10:15:10 2015;This is Google's cache of http://www.markiza.sk/soubiz/zahranicny/1796825_zahalena-selena-ale-do-oci-sa-jej-aj-tak-nikto-nepozeral. It is a snapshot of the page as it appeared on Jun 26, 2015 22:27:31 GMT.
http://www.markiza.sk/soubiz/zahranicny/1797427_plavky-z-victorias-secret-na-modelkach-a-obycajnych-zenach;Mon Jun 29 10:15:10 2015;This is Google's cache of http://www.markiza.sk/soubiz/zahranicny/1797427_plavky-z-victorias-secret-na-modelkach-a-obycajnych-zenach. It is a snapshot of the page as it appeared on Jun 26, 2015 03:28:27 GMT.
http://www.markiza.sk/soubiz/1797390_jeden-den-s-trtom;Mon Jun 29 10:15:10 2015;This is Google's cache of http://www.markiza.sk/soubiz/1797390_jeden-den-s-trtom. It is a snapshot of the page as it appeared on Jun 26, 2015 03:20:28 GMT.
http://videoarchiv.markiza.sk/uvod;Mon Jun 29 14:11:21 2015;This is Google's cache of http://videoarchiv.markiza.sk/. It is a snapshot of the page as it appeared on Jun 29, 2015 11:16:45 GMT.
http://videoarchiv.markiza.sk/uvod;Mon Jun 29 15:01:44 2015;This is Google's cache of http://videoarchiv.markiza.sk/. It is a snapshot of the page as it appeared on Jun 29, 2015 12:49:24 GMT.
http://reflex.markiza.sk/;Mon Jun 29 15:01:44 2015;This is Google's cache of http://reflex.markiza.sk/. It is a snapshot of the page as it appeared on Jun 29, 2015 12:49:23 GMT.
http://hornadolna.markiza.sk/;Mon Jun 29 15:01:44 2015;This is Google's cache of http://hornadolna.markiza.sk/. It is a snapshot of the page as it appeared on Jun 29, 2015 12:49:25 GMT.
http://www.markiza.sk/filmy-a-serialy/644726_monk-iv;Mon Jun 29 15:01:44 2015;This is Google's cache of http://www.markiza.sk/clanok/644726. It is a snapshot of the page as it appeared on Jun 27, 2015 11:41:07 GMT.
http://www.markiza.sk/soubiz/zahranicny/1797427_plavky-z-victorias-secret-na-modelkach-a-obycajnych-zenach;Mon Jun 29 15:01:44 2015;This is Google's cache of http://www.markiza.sk/soubiz/zahranicny/1797427_plavky-z-victorias-secret-na-modelkach-a-obycajnych-zenach. It is a snapshot of the page as it appeared on Jun 27, 2015 23:52:28 GMT.
http://www.markiza.sk/soubiz/1797390_jeden-den-s-trtom;Mon Jun 29 15:01:44 2015;This is Google's cache of http://www.markiza.sk/soubiz/1797390_jeden-den-s-trtom. It is a snapshot of the page as it appeared on Jun 27, 2015 21:00:53 GMT.
http://www.markiza.sk/uvod;Mon Jun 29 15:27:16 2015;This is Google's cache of http://www.markiza.sk/. It is a snapshot of the page as it appeared on Jun 29, 2015 13:03:40 GMT.
http://videoarchiv.markiza.sk/najnovsie/zabava;Mon Jun 29 15:27:16 2015;This is Google's cache of http://videoarchiv.markiza.sk/najnovsie/zabava. It is a snapshot of the page as it appeared on Jun 29, 2015 13:17:30 GMT.
http://www.markiza.sk/filmy-a-serialy/1684658_susedia;Mon Jun 29 15:27:16 2015;This is Google's cache of http://www.markiza.sk/clanok/1684658. It is a snapshot of the page as it appeared on Jun 29, 2015 13:10:30 GMT.
http://www.markiza.sk/soubiz/zahranicny/1797427_plavky-z-victorias-secret-na-modelkach-a-obycajnych-zenach;Mon Jun 29 15:45:48 2015;This is Google's cache of http://www.markiza.sk/soubiz/zahranicny/1797427_plavky-z-victorias-secret-na-modelkach-a-obycajnych-zenach. It is a snapshot of the page as it appeared on Jun 26, 2015 03:28:27 GMT.
http://www.markiza.sk/soubiz/1797390_jeden-den-s-trtom;Mon Jun 29 15:45:48 2015;This is Google's cache of http://www.markiza.sk/soubiz/1797390_jeden-den-s-trtom. It is a snapshot of the page as it appeared on Jun 26, 2015 03:20:28 GMT.
http://www.markiza.sk/soubiz/zahranicny/1797427_plavky-z-victorias-secret-na-modelkach-a-obycajnych-zenach;Mon Jun 29 17:17:40 2015;This is Google's cache of http://www.markiza.sk/soubiz/zahranicny/1797427_plavky-z-victorias-secret-na-modelkach-a-obycajnych-zenach. It is a snapshot of the page as it appeared on Jun 27, 2015 23:52:28 GMT.
http://www.markiza.sk/soubiz/1797390_jeden-den-s-trtom;Mon Jun 29 17:17:40 2015;This is Google's cache of http://www.markiza.sk/soubiz/1797390_jeden-den-s-trtom. It is a snapshot of the page as it appeared on Jun 27, 2015 21:00:53 GMT.
http://www.markiza.sk/uvod;Mon Jun 29 20:58:11 2015;This is Google's cache of http://www.markiza.sk/. It is a snapshot of the page as it appeared on Jun 29, 2015 18:21:00 GMT.
http://hornadolna.markiza.sk/;Mon Jun 29 20:58:11 2015;This is Google's cache of http://hornadolna.markiza.sk/. It is a snapshot of the page as it appeared on Jun 29, 2015 17:52:34 GMT.
